Индекс,Тип региона,Регион,Город,Население
298300,Респ,Крым,Керчь,144600
636000,обл,Томская,Северск,108466
354000,край,Краснодарский,Сочи,343285
658420,край,Алтайский,Горняк,13040
309850,обл,Белгородская,Алексеевка,39026
153000,обл,Ивановская,Иваново,409277
187000,обл,Ленинградская,Тосно,39127
618270,край,Пермский,Гремячинск,11005
673400,край,Забайкальский,Нерчинск,14976
184250,обл,Мурманская,Кировск,28659
155550,обл,Ивановская,Приволжск,16749
172380,обл,Тверская,Ржев,62026
238326,обл,Калининградская,Зеленоградск,13015
366500,Респ,Чеченская,,49071
249100,обл,Калужская,Таруса,9656
392000,обл,Тамбовская,Рассказово,45484
403801,обл,Волгоградская,Котово,24104
682460,край,Хабаровский,Николаевск-на-Амуре,22773
301760,обл,Тульская,Донской,64561
171571,обл,Тверская,Калязин,13870
152300,обл,Ярославская,Тутаев,41001
606860,обл,Нижегородская,Ветлуга,8956
169300,Респ,Коми,Ухта,99642
188540,обл,Ленинградская,Сосновый Бор,65901
174400,обл,Новгородская,Боровичи,54731
679100,Аобл,Еврейская,Облучье,9379
249190,обл,Калужская,Жуков,12150
142300,обл,Московская,Чехов,60677
157800,обл,Костромская,Нерехта,22817
303140,обл,Орловская,Болхов,11421
423040,Респ,Татарстан,Нурлат,32600
188560,обл,Ленинградская,Сланцы,33587
142800,обл,Московская,Ступино,66942
187026,обл,Ленинградская,Никольское,19345
162250,обл,Вологодская,Харовск,10078
456439,обл,Челябинская,Чебаркуль,43405
618250,край,Пермский,Губаха,27544
238340,обл,Калининградская,Светлый,21380
671230,Респ,Бурятия,Бабушкин,4542
142620,обл,Московская,Куровское,21821
243020,обл,Брянская,Новозыбков,40552
617470,край,Пермский,Кунгур,67857
171720,обл,Тверская,Весьегонск,7330
142530,обл,Московская,Электрогорск,22120
152900,обл,Ярославская,Рыбинск,200771
353560,край,Краснодарский,Славянск-на-Кубани,63768
678200,Респ,Саха /Якутия/,Вилюйск,10233
249440,обл,Калужская,Киров,31888
169600,Респ,Коми,Печора,43458
632550,обл,Новосибирская,Чулым,11964
422000,Респ,Татарстан,Арск,18114
658125,край,Алтайский,Алейск,28528
397900,обл,Воронежская,Лиски,55864
450000,Респ,Башкортостан,Уфа,1062300
297345,Респ,Крым,Старый Крым,9485
607180,обл,Нижегородская,Саров,92073
666031,обл,Иркутская,Шелехов,47960
301720,обл,Тульская,Кимовск,28493
187340,обл,Ленинградская,Кировск,25633
357500,край,Ставропольский,Пятигорск,142397
453200,Респ,Башкортостан,Ишимбай,66259
368300,Респ,Дагестан,Каспийск,103914
613710,обл,Кировская,Мураши,6752
442250,обл,Пензенская,Белинский,8567
143530,обл,Московская,Дедовск,29280
155630,обл,Ивановская,Южа,14170
303370,обл,Орловская,Малоархангельск,3872
368120,Респ,Дагестан,Кизилюрт,36187
175400,обл,Новгородская,Валдай,16099
188230,обл,Ленинградская,Луга,36409
141300,обл,Московская,Сергиев Посад,110878
368500,Респ,Дагестан,Избербаш,56301
143000,обл,Московская,Одинцово,139021
141100,обл,Московская,Щелково,110380
676470,обл,Амурская,Циолковский,6208
187700,обл,Ленинградская,Лодейное Поле,21053
249720,обл,Калужская,Козельск,18203
652420,обл,Кемеровская,Березовский,47292
248000,обл,Калужская,Калуга,325185
353180,край,Краснодарский,Кореновск,41179
171640,обл,Тверская,Кашин,16174
186610,Респ,Карелия,Кемь,13061
460000,обл,Оренбургская,Оренбург,570329
243140,обл,Брянская,Клинцы,62510
646330,обл,Омская,Тюкалинск,12050
303850,обл,Орловская,Ливны,50430
636460,обл,Томская,Колпашево,24126
668110,Респ,Тыва,Чадан,9037
429120,Чувашия,Чувашская Республика,Шумерля,33412
242610,обл,Брянская,Фокино,13874
142450,обл,Московская,Старая Купавна,21859
632120,обл,Новосибирская,Татарск,26114
461743,обл,Оренбургская,Абдулино,20663
185000,Респ,Карелия,Петрозаводск,263540
606605,обл,Нижегородская,Семенов,24472
172610,обл,Тверская,Западная Двина,9376
301352,обл,Тульская,Алексин,61738
652840,обл,Кемеровская,Мыски,43029
641640,обл,Курганская,Петухово,11291
600910,обл,Владимирская,Радужный,18212
357700,край,Ставропольский,Кисловодск,128502
152150,обл,Ярославская,Ростов,31791
142600,обл,Московская,Орехово-Зуево,120620
153510,обл,Ивановская,Кохма,29408
157170,обл,Костромская,Солигалич,6438
649000,Респ,Алтай,Горно-Алтайск,62861
356530,край,Ставропольский,Светлоград,38520
307370,обл,Курская,Рыльск,15667
678170,Респ,Саха /Якутия/,Мирный,37179
404260,обл,Волгоградская,Палласовка,15984
607510,обл,Нижегородская,Сергач,21387
183000,обл,Мурманская,Мурманск,307664
674600,край,Забайкальский,Борзя,31376
238750,обл,Калининградская,Советск,41709
164110,обл,Архангельская,Каргополь,10148
601110,обл,Владимирская,Костерево,9136
368000,Респ,Дагестан,Дербент,119961
184380,обл,Мурманская,Кола,10447
433030,обл,Ульяновская,Инза,18547
155410,обл,Ивановская,Заволжск,12045
452450,Респ,Башкортостан,Бирск,41637
156901,обл,Костромская,Волгореченск,17108
613200,обл,Кировская,Белая Холуница,11232
606210,обл,Нижегородская,Лысково,21882
682950,край,Хабаровский,Вяземский,14556
157460,обл,Костромская,Макарьев,7114
601440,обл,Владимирская,Вязники,41252
238420,обл,Калининградская,Багратионовск,6399
249010,обл,Калужская,Боровск,12283
652600,обл,Кемеровская,Белово,76752
358000,Респ,Калмыкия,Элиста,103728
601650,обл,Владимирская,Александров,61544
603000,обл,Нижегородская,Нижний Новгород,1250615
670000,Респ,Бурятия,Улан-Удэ,431922
142400,обл,Московская,Ногинск,99762
456770,обл,Челябинская,Снежинск,48896
249930,обл,Калужская,Мосальск,4285
142455,обл,Московская,Электроугли,20120
356240,край,Ставропольский,Михайловск,71018
396790,обл,Воронежская,Богучар,11811
238050,обл,Калининградская,Гусев,28260
243300,обл,Брянская,Унеча,26196
650000,обл,Кемеровская,Кемерово,532884
369210,Респ,Карачаево-Черкесская,Теберда,9097
663920,край,Красноярский,Уяр,12666
601570,обл,Владимирская,Курлово,6791
140560,обл,Московская,Озеры,25788
238460,обл,Калининградская,Ладушкин,3788
352700,край,Краснодарский,Тимашевск,53921
671950,Респ,Бурятия,Закаменск,11249
652300,обл,Кемеровская,Топки,28642
141980,обл,Московская,Дубна,70569
141150,обл,Московская,Лосино-Петровский,22550
423600,Респ,Татарстан,Елабуга,70750
155000,обл,Ивановская,Гаврилов Посад,6434
665700,обл,Иркутская,Братск,246348
641870,обл,Курганская,Шадринск,77744
665250,обл,Иркутская,Тулун,44603
301260,обл,Тульская,Киреевск,25585
238710,обл,Калининградская,Неман,11794
607220,обл,Нижегородская,Арзамас,106367
249030,обл,Калужская,Обнинск,104798
301650,обл,Тульская,Новомосковск,131227
184530,обл,Мурманская,Оленегорск,23079
143070,обл,Московская,Кубинка,22918
442600,обл,Пензенская,Спасск,7442
422370,Респ,Татарстан,Тетюши,11596
403790,обл,Волгоградская,Жирновск,16890
452800,Респ,Башкортостан,Янаул,26988
422840,Респ,Татарстан,Болгар,8650
238560,обл,Калининградская,Светлогорск,10775
368830,Респ,Дагестан,Кизляр,49169
429950,Чувашия,Чувашская Республика,Новочебоксарск,124094
652780,обл,Кемеровская,Гурьевск,24816
353440,край,Краснодарский,Анапа,58983
238600,обл,Калининградская,Славск,4614
155830,обл,Ивановская,Наволоки,10207
152020,обл,Ярославская,Переславль-Залесский,41923
301320,обл,Тульская,Венев,15220
296000,Респ,Крым,Красноперекопск,29564
442890,обл,Пензенская,Сердобск,35393
140400,обл,Московская,Коломна,144642
140170,обл,Московская,Бронницы,21102
307750,обл,Курская,Льгов,21452
174510,обл,Новгородская,Пестово,15911
610000,обл,Кировская,Киров,473668
165650,обл,Архангельская,Коряжма,39629
141280,обл,Московская,Ивантеевка,58594
393670,обл,Тамбовская,Жердевка,15211
238010,обл,Калининградская,Нестеров,4584
420000,Респ,Татарстан,Казань,1216965
453400,Респ,Башкортостан,Давлеканово,24040
238300,обл,Калининградская,Гурьевск,12433
676805,обл,Амурская,Белогорск,68220
238120,обл,Калининградская,Озерск,4740
369300,Респ,Карачаево-Черкесская,Усть-Джегута,30602
666300,обл,Иркутская,Саянск,40786
658200,край,Алтайский,Рубцовск,146386
602101,обл,Владимирская,Меленки,15208
601780,обл,Владимирская,Кольчугино,45804
157130,обл,Костромская,Чухлома,5209
184650,обл,Мурманская,Полярный,17304
174260,обл,Новгородская,Малая Вишера,12461
155040,обл,Ивановская,Тейково,34993
142200,обл,Московская,Серпухов,126496
666671,обл,Иркутская,Усть-Илимск,86591
601640,обл,Владимирская,Карабаново,14868
249400,обл,Калужская,Людиново,40550
141055,обл,Московская,Лобня,74350
143360,обл,Московская,Апрелевка,18467
155800,обл,Ивановская,Кинешма,88113
422230,Респ,Татарстан,Агрыз,19299
404620,обл,Волгоградская,Ленинск,15527
612820,обл,Кировская,Кирс,10420
309070,обл,Белгородская,Строитель,23933
612410,обл,Кировская,Зуевка,11198
238400,обл,Калининградская,Правдинск,4323
306509,обл,Курская,Щигры,17043
352120,край,Краснодарский,Тихорецк,61825
141070,обл,Московская,Королев,183452
601900,обл,Владимирская,Ковров,145492
676870,обл,Амурская,Завитинск,11481
655750,Респ,Хакасия,Абаза,17111
385000,Респ,Адыгея,Майкоп,144055
143090,обл,Московская,Краснознаменск,36057
652400,обл,Кемеровская,Тайга,25330
607060,обл,Нижегородская,Выкса,56196
461504,обл,Оренбургская,Соль-Илецк,26308
152070,обл,Ярославская,Данилов,15861
404350,обл,Волгоградская,Котельниково,20441
143180,обл,Московская,Звенигород,16395
141000,обл,Московская,Мытищи,173341
461900,обл,Оренбургская,Сорочинск,30136
143300,обл,Московская,Наро-Фоминск,64640
602205,обл,Владимирская,Муром,116078
187550,обл,Ленинградская,Тихвин,58843
172840,обл,Тверская,Торопец,13018
429570,Чувашия,Чувашская Республика,Мариинский Посад,10186
453100,Респ,Башкортостан,Стерлитамак,273432
403870,обл,Волгоградская,Камышин,119924
298676,Респ,Крым,Ялта,8497
186730,Респ,Карелия,Лахденпохья,7818
186810,Респ,Карелия,Питкяранта,11484
676301,обл,Амурская,Шимановск,19815
309500,обл,Белгородская,Старый Оскол,221163
640002,обл,Курганская,Курган,333640
397030,обл,Воронежская,Эртиль,11387
243220,обл,Брянская,Мглин,7916
174350,обл,Новгородская,Окуловка,12464
636840,обл,Томская,Асино,25614
157300,обл,Костромская,Мантурово,17479
300000,обл,Тульская,Тула,501129
305000,обл,Курская,Курск,414595
665382,обл,Иркутская,Зима,32522
143100,обл,Московская,Руза,13495
243400,обл,Брянская,Почеп,17933
662150,край,Красноярский,Ачинск,109156
296012,Респ,Крым,Армянск,22468
633520,обл,Новосибирская,Черепаново,19346
607800,обл,Нижегородская,Лукоянов,14949
654000,обл,Кемеровская,Новокузнецк,547885
393190,обл,Тамбовская,Котовск,31851
186420,Респ,Карелия,Сегежа,29660
423800,Респ,Татарстан,Набережные Челны,513242
612270,обл,Кировская,Орлов,6959
171841,обл,Тверская,Удомля,31048
403950,обл,Волгоградская,Новоаннинский,17911
156000,обл,Костромская,Кострома,268617
612960,обл,Кировская,Вятские Поляны,35159
662060,край,Красноярский,Боготол,21029
457100,обл,Челябинская,Троицк,78637
627705,обл,Тюменская,Ишим,69567
188300,обл,Ленинградская,Гатчина,92566
461630,обл,Оренбургская,Бугуруслан,52249
301470,обл,Тульская,Плавск,16248
629400,АО,Ямало-Ненецкий,Лабытнанги,26948
303500,обл,Орловская,Новосиль,3799
309180,обл,Белгородская,Губкин,88562
157200,обл,Костромская,Галич,17346
607400,обл,Нижегородская,Перевоз,9201
184200,обл,Мурманская,Апатиты,59690
423700,Респ,Татарстан,Мензелинск,16474
399050,обл,Липецкая,Грязи,46798
682640,край,Хабаровский,Амурск,42977
422430,Респ,Татарстан,Буинск,20342
141650,обл,Московская,Высоковск,10642
249185,обл,Калужская,Кременки,11617
671700,Респ,Бурятия,Северобайкальск,23673
361621,Респ,Кабардино-Балкарская,Тырныауз,21000
242500,обл,Брянская,Карачев,19715
140500,обл,Московская,Луховицы,29849
238730,обл,Калининградская,Краснознаменск,3522
606500,обл,Нижегородская,Городец,30699
171070,обл,Тверская,Бологое,23499
453700,Респ,Башкортостан,Учалы,37771
188650,обл,Ленинградская,Сертолово,47854
361500,Респ,Кабардино-Балкарская,Баксан,36857
172000,обл,Тверская,Торжок,47702
680000,край,Хабаровский,Хабаровск,577668
629733,АО,Ямало-Ненецкий,Надым,46550
187110,обл,Ленинградская,Кириши,52826
171250,обл,Тверская,Конаково,41303
368670,Респ,Дагестан,Дагестанские Огни,30671
613980,обл,Кировская,Луза,11262
140700,обл,Московская,Шатура,32836
676280,обл,Амурская,Тында,35574
165150,обл,Архангельская,Вельск,23885
665800,обл,Иркутская,Ангарск,233765
618900,край,Пермский,Лысьва,67712
393950,обл,Тамбовская,Моршанск,41550
641730,обл,Курганская,Далматово,13913
152240,обл,Ярославская,Гаврилов-Ям,17792
652800,обл,Кемеровская,Осинники,45997
385200,Респ,Адыгея,Адыгейск,12689
666700,обл,Иркутская,Киренск,12652
673303,край,Забайкальский,Шилка,13947
352630,край,Краснодарский,Белореченск,53891
184682,обл,Мурманская,Снежногорск,12698
678450,Респ,Саха /Якутия/,Нюрба,10156
658820,край,Алтайский,Славгород,30370
641430,обл,Курганская,Куртамыш,17098
429330,Чувашия,Чувашская Республика,Канаш,45608
243500,обл,Брянская,Сураж,11640
665100,обл,Иркутская,Нижнеудинск,37056
350000,край,Краснодарский,Краснодар,744933
188640,обл,Ленинградская,Всеволожск,59689
241550,обл,Брянская,Сельцо,17933
404002,обл,Волгоградская,Дубовка,14345
307500,обл,Курская,Дмитриев,7721
238590,обл,Калининградская,Пионерский,11017
462780,обл,Оренбургская,Ясный,16082
618320,край,Пермский,Александровск,15022
369200,Респ,Карачаево-Черкесская,Карачаевск,23848
393360,обл,Тамбовская,Кирсанов,17240
361330,Респ,Кабардино-Балкарская,Нарткала,31679
678100,Респ,Саха /Якутия/,Олекминск,9487
249091,обл,Калужская,Малоярославец,30401
433750,обл,Ульяновская,Барыш,17149
386100,Респ,Ингушетия,Назрань,93357
172110,обл,Тверская,Кувшиново,10008
187320,обл,Ленинградская,Шлиссельбург,13305
403840,обл,Волгоградская,Петров Вал,13264
186000,Респ,Карелия,Олонец,9060
238450,обл,Калининградская,Мамоново,7757
427960,Респ,Удмуртская,Сарапул,101390
656000,край,Алтайский,Барнаул,635585
352240,край,Краснодарский,Новокубанск,34847
607600,обл,Нижегородская,Богородск,25497
150000,обл,Ярославская,Ярославль,591486
682970,край,Хабаровский,Бикин,17156
607100,обл,Нижегородская,Навашино,16413
404500,обл,Волгоградская,Калач-на-Дону,26892
298600,Респ,Крым,Ялта,78040
169900,Респ,Коми,Воркута,70551
352190,край,Краснодарский,Гулькевичи,35225
432000,обл,Ульяновская,Ульяновск,613793
676011,обл,Амурская,Сковородино,9561
167000,Респ,Коми,Сыктывкар,235006
442310,обл,Пензенская,Городище,8102
442240,обл,Пензенская,Каменка,39579
400000,обл,Волгоградская,Волгоград,1021244
236001,обл,Калининградская,Калининград,431491
607010,обл,Нижегородская,Кулебаки,35762
175040,обл,Новгородская,Сольцы,10317
169710,Респ,Коми,Усинск,41100
184230,обл,Мурманская,Полярные Зори,15106
356630,край,Ставропольский,Ипатово,26055
306230,обл,Курская,Обоянь,13562
671840,Респ,Бурятия,Кяхта,20013
368220,Респ,Дагестан,Буйнакск,65735
386300,Респ,Ингушетия,Малгобек,31076
298000,Респ,Крым,Судак,15368
456020,обл,Челябинская,Сим,14465
142280,обл,Московская,Протвино,37308
629830,АО,Ямало-Ненецкий,Губкинский,23340
601670,обл,Владимирская,Струнино,14372
652500,обл,Кемеровская,Ленинск-Кузнецкий,101666
298400,Респ,Крым,Бахчисарай,26363
647000,край,Красноярский,Дудинка,22207
429430,Чувашия,Чувашская Республика,Козловка,10355
606910,обл,Нижегородская,Шахунья,21337
678790,Респ,Саха /Якутия/,Среднеколымск,3525
601351,обл,Владимирская,Судогда,11848
404410,обл,Волгоградская,Суровикино,20527
652770,обл,Кемеровская,Салаир,8263
618730,край,Пермский,Добрянка,35720
141370,обл,Московская,Хотьково,21612
242440,обл,Брянская,Севск,7282
172520,обл,Тверская,Нелидово,22886
612740,обл,Кировская,Омутнинск,23618
169570,Респ,Коми,Вуктыл,12357
188910,обл,Ленинградская,Приморск,6122
155555,обл,Ивановская,Плес,2341
428000,Чувашия,Чувашская Республика,Чебоксары,447929
357340,край,Ставропольский,Лермонтов,22540
157440,обл,Костромская,Кологрив,3314
659900,край,Алтайский,Белокуриха,15072
422521,Респ,Татарстан,Зеленодольск,97651
442530,обл,Пензенская,Кузнецк,88886
422951,Респ,Татарстан,Чистополь,60703
678530,Респ,Саха /Якутия/,Верхоянск,1311
678900,Респ,Саха /Якутия/,Алдан,21277
141840,обл,Московская,Яхрома,13248
164750,обл,Архангельская,Мезень,3599
673002,край,Забайкальский,Петровск-Забайкальский,18555
646530,обл,Омская,Тара,26664
238210,обл,Калининградская,Гвардейск,13888
357100,край,Ставропольский,Невинномысск,118351
359050,Респ,Калмыкия,Городовиковск,9565
618350,край,Пермский,Кизел,20277
618120,край,Пермский,Оса,22420
302000,обл,Орловская,Орёл,317854
249710,обл,Калужская,Сосенский,12394
155450,обл,Ивановская,Юрьевец,10205
172730,обл,Тверская,Осташков,18073
353280,край,Краснодарский,Горячий Ключ,30093
155250,обл,Ивановская,Родники,26318
658700,край,Алтайский,Камень-на-Оби,41787
172332,обл,Тверская,Зубцов,6937
141400,обл,Московская,Химки,207125
665450,обл,Иркутская,Усолье-Сибирское,83364
617000,край,Пермский,Нытва,19041
422610,Респ,Татарстан,Лаишево,7735
641100,обл,Курганская,Шумиха,17821
681000,край,Хабаровский,Комсомольск-на-Амуре,263906
368890,Респ,Дагестан,Южно-Сухокумск,10048
682800,край,Хабаровский,Советская Гавань,27712
353460,край,Краснодарский,Геленджик,54813
403340,обл,Волгоградская,Михайловка,59153
140600,обл,Московская,Зарайск,24648
613150,обл,Кировская,Слободской,33983
307250,обл,Курская,Курчатов,42691
142432,обл,Московская,Черноголовка,20986
169060,Респ,Коми,Микунь,10732
366200,Респ,Чеченская,Гудермес,45643
673200,край,Забайкальский,Хилок,11530
652050,обл,Кемеровская,Юрга,81536
184670,обл,Мурманская,Гаджиево,11089
641700,обл,Курганская,Катайск,14017
141290,обл,Московская,Красноармейск,26294
427950,Респ,Удмуртская,Камбарка,11028
665930,обл,Иркутская,Байкальск,13589
142500,обл,Московская,Павловский Посад,63771
665770,обл,Иркутская,Вихоревка,22528
157331,обл,Костромская,Нея,9827
166000,АО,Ненецкий,Нарьян-Мар,21296
141601,обл,Московская,Клин,80584
140730,обл,Московская,Рошаль,21265
634000,обл,Томская,Томск,522940
646100,обл,Омская,Называевск,12119
613440,обл,Кировская,Нолинск,9556
433300,обл,Ульяновская,Новоульяновск,16032
243600,обл,Брянская,Злынка,5507
188410,обл,Ленинградская,Волосово,12162
140180,обл,Московская,Жуковский,102729
144000,обл,Московская,Электросталь,155324
663980,край,Красноярский,Бородино,17423
442300,обл,Пензенская,Сурск,7032
678953,Респ,Саха /Якутия/,Томмот,8054
142670,обл,Московская,Ликино-Дулево,31331
423330,Респ,Татарстан,Азнакаево,34859
678188,Респ,Саха /Якутия/,Удачный,12611
404160,обл,Волгоградская,Краснослободск,16007
187450,обл,Ленинградская,Новая Ладога,8890
188950,обл,Ленинградская,Каменногорск,6761
238510,обл,Калининградская,Приморск,1956
601201,обл,Владимирская,Собинка,19482
423650,Респ,Татарстан,Менделеевск,22075
238150,обл,Калининградская,Черняховск,40464
186870,Респ,Карелия,Суоярви,9763
352330,край,Краснодарский,Усть-Лабинск,43268
361110,Респ,Кабардино-Балкарская,Майский,26755
249950,обл,Калужская,Медынь,8298
662310,край,Красноярский,Шарыпово,38570
606072,обл,Нижегородская,Володарск,9924
309910,обл,Белгородская,Бирюч,7842
357200,край,Ставропольский,Минеральные Воды,76715
404100,обл,Волгоградская,Волжский,314436
461040,обл,Оренбургская,Бузулук,82816
396070,обл,Воронежская,Нововоронеж,32635
675000,обл,Амурская,Благовещенск,214397
303240,обл,Орловская,Дмитровск,5956
249160,обл,Калужская,Белоусово,8432
386230,Респ,Ингушетия,Карабулак,31081
298500,Респ,Крым,Алушта,28642
667000,Респ,Тыва,Кызыл,109906
361200,Респ,Кабардино-Балкарская,Терек,19170
184430,обл,Мурманская,Заполярный,15835
689000,АО,Чукотский,Анадырь,13053
601291,обл,Владимирская,Суздаль,10535
618820,край,Пермский,Горнозаводск,12334
169840,Респ,Коми,Инта,32021
142290,обл,Московская,Пущино,20263
356880,край,Ставропольский,Нефтекумск,27700
249610,обл,Калужская,Спас-Деменск,4904
184601,обл,Мурманская,Североморск,50076
164200,обл,Архангельская,Няндома,22354
242700,обл,Брянская,Жуковка,18269
652870,обл,Кемеровская,Междуреченск,101995
242600,обл,Брянская,Дятьково,29438
301280,обл,Тульская,Болохово,9619
629800,АО,Ямало-Ненецкий,Ноябрьск,110572
658480,край,Алтайский,Змеиногорск,10569
613040,обл,Кировская,Кирово-Чепецк,80920
187600,обл,Ленинградская,Пикалево,21567
188990,обл,Ленинградская,Светогорск,15973
601480,обл,Владимирская,Гороховец,14015
665050,обл,Иркутская,Бирюсинск,8981
164170,обл,Архангельская,Мирный,30259
140000,обл,Московская,Люберцы,171978
626109,обл,Тюменская,Тобольск,99698
612920,обл,Кировская,Малмыж,8265
187330,обл,Ленинградская,Отрадное,23874
601120,обл,Владимирская,Покров,17762
427430,Респ,Удмуртская,Воткинск,100034
423403,Респ,Татарстан,Альметьевск,146309
404030,обл,Волгоградская,Николаевск,15081
652150,обл,Кемеровская,Мариинск,40522
625000,обл,Тюменская,Тюмень,581758
141321,обл,Московская,Краснозаводск,13432
353320,край,Краснодарский,Абинск,34926
636780,обл,Томская,Стрежевой,42216
456080,обл,Челябинская,Трехгорный,33678
352500,край,Краснодарский,Лабинск,62822
423230,Респ,Татарстан,Бугульма,89144
665000,обл,Иркутская,Тайшет,35481
665160,обл,Иркутская,Алзамай,6751
668210,Респ,Тыва,Шагонар,10958
606540,обл,Нижегородская,Чкаловск,12371
440000,обл,Пензенская,Пенза,519592
356000,край,Ставропольский,Новоалександровск,26759
155150,обл,Ивановская,Комсомольск,8693
666901,обл,Иркутская,Бодайбо,15331
673730,край,Забайкальский,Могоча,13228
665902,обл,Иркутская,Слюдянка,18542
188760,обл,Ленинградская,Приозерск,18929
353900,край,Краснодарский,Новороссийск,241788
143330,обл,Московская,Верея,5368
143500,обл,Московская,Истра,35106
141700,обл,Московская,Долгопрудный,90976
184505,обл,Мурманская,Мончегорск,45381
309370,обл,Белгородская,Грайворон,6234
301030,обл,Тульская,Ясногорск,16804
606000,обл,Нижегородская,Дзержинск,240762
188490,обл,Ленинградская,Ивангород,9797
612990,обл,Кировская,Сосновка,11960
186790,Респ,Карелия,Сортавала,19215
668510,Респ,Тыва,Туран,4988
613341,обл,Кировская,Советск,16592
678960,Респ,Саха /Якутия/,Нерюнгри,61746
169200,Респ,Коми,Емва,14574
249000,обл,Калужская,Балабаново,26337
140100,обл,Московская,Раменское,96355
352690,край,Краснодарский,Апшеронск,40229
308000,обл,Белгородская,Белгород,356426
301430,обл,Тульская,Суворов,18975
352380,край,Краснодарский,Кропоткин,80743
143600,обл,Московская,Волоколамск,23386
619000,край,Пермский,Кудымкар,30711
629000,АО,Ямало-Ненецкий,Салехард,42494
663150,край,Красноярский,Енисейск,18769
242220,обл,Брянская,Трубчевск,15014
452320,Респ,Башкортостан,Дюртюли,31272
426000,Респ,Удмуртская,Ижевск,628117
184310,обл,Мурманская,Заозерск,11206
155360,обл,Ивановская,Пучеж,8583
641600,обл,Курганская,Макушино,8337
170000,обл,Тверская,Тверь,403726
601010,обл,Владимирская,Киржач,30044
629850,АО,Ямало-Ненецкий,Тарко-Сале,20372
141320,обл,Московская,Пересвет,14142
652740,обл,Кемеровская,Калтан,21893
396900,обл,Воронежская,Семилуки,26025
658837,край,Алтайский,Яровое,18085
249830,обл,Калужская,Кондрово,16672
309990,обл,Белгородская,Валуйки,35322
662951,край,Красноярский,Артемовск,2180
243240,обл,Брянская,Стародуб,19010
617119,край,Пермский,Верещагино,22760
152610,обл,Ярославская,Углич,34505
462271,обл,Оренбургская,Медногорск,27253
353380,край,Краснодарский,Крымск,57370
184042,обл,Мурманская,Кандалакша,35659
601500,обл,Владимирская,Гусь-Хрустальный,60773
364000,Респ,Чеченская,Грозный,271596
627139,обл,Тюменская,Заводоуковск,25657
352800,край,Краснодарский,Туапсе,63233
141200,обл,Московская,Пушкино,102840
184640,обл,Мурманская,Островной,2177
673500,край,Забайкальский,Сретенск,6850
666780,обл,Иркутская,Усть-Кут,45061
141800,обл,Московская,Дмитров,61454
612260,обл,Кировская,Яранск,17252
143960,обл,Московская,Реутов,87195
353500,край,Краснодарский,Темрюк,38014
442150,обл,Пензенская,Нижний Ломов,22678
238520,обл,Калининградская,Балтийск,32670
633450,обл,Новосибирская,Тогучин,21531
142700,обл,Московская,Видное,56798
456040,обл,Челябинская,Усть-Катав,23586
689450,АО,Чукотский,Билибино,5504
353860,край,Краснодарский,Приморско-Ахтарск,32253
422190,Респ,Татарстан,Мамадыш,14432
187050,обл,Ленинградская,Любань,4188
420500,Респ,Татарстан,Иннополис,96[3]
301240,обл,Тульская,Щекино,58154
141900,обл,Московская,Талдом,13819
249340,обл,Калужская,Жиздра,5585
188456,обл,Ленинградская,Кингисепп,48667
664000,обл,Иркутская,Иркутск,587225
249910,обл,Калужская,Юхнов,7056
152830,обл,Ярославская,Мышкин,5932
368000,Респ,Дагестан,Хасавюрт,133929
361040,Респ,Кабардино-Балкарская,Прохладный,59595
357300,край,Ставропольский,Новопавловск,26556
143200,обл,Московская,Можайск,31388
307800,обл,Курская,Суджа,6036
646020,обл,Омская,Исилькуль,25905
169500,Респ,Коми,Сосногорск,27809
665650,обл,Иркутская,Железногорск-Илимский,26134
606120,обл,Нижегородская,Ворсма,11622
453430,Респ,Башкортостан,Благовещенск,34246
361400,Респ,Кабардино-Балкарская,Чегем,17988
397500,обл,Воронежская,Бутурлиновка,27208
676151,обл,Амурская,Зея,25042
644000,обл,Омская,Омск,1154000
423930,Респ,Татарстан,Бавлы,22109
172530,обл,Тверская,Белый,3771
658041,край,Алтайский,Новоалтайск,73134
427770,Респ,Удмуртская,Можга,47959
184144,обл,Мурманская,Ковдор,18836
157500,обл,Костромская,Шарья,23668
171150,обл,Тверская,Вышний Волочек,52326
301840,обл,Тульская,Ефремов,42350
309290,обл,Белгородская,Шебекино,44277
394000,обл,Воронежская,Воронеж,889680
369000,Респ,Карачаево-Черкесская,Черкесск,121439
352900,край,Краснодарский,Армавир,188897
301205,обл,Тульская,Советск,7537
152470,обл,Ярославская,Любим,5553
652701,обл,Кемеровская,Прокопьевск,210150
676450,обл,Амурская,Свободный,58594
301530,обл,Тульская,Белев,13918
678141,Респ,Саха /Якутия/,Ленск,24955
359220,Респ,Калмыкия,Лагань,14323
427620,Респ,Удмуртская,Глазов,95835
462351,обл,Оренбургская,Новотроицк,97914
641010,обл,Курганская,Щучье,10971
187401,обл,Ленинградская,Волхов,47344
188909,обл,Ленинградская,Высоцк,1244
606340,обл,Нижегородская,Княгинино,6708
607751,обл,Нижегородская,Первомайск,14567
249240,обл,Калужская,Мещовск,4101
171500,обл,Тверская,Кимры,49623
238630,обл,Калининградская,Полесск,7580
600000,обл,Владимирская,Владимир,348256
155330,обл,Ивановская,Вичуга,37609
296500,Респ,Крым,Саки,23400
186930,Респ,Карелия,Костомукша,28433
617060,край,Пермский,Краснокамск,52632
601800,обл,Владимирская,Юрьев-Польский,19588
396420,обл,Воронежская,Павловск,25126
155520,обл,Ивановская,Фурманов,36149
155900,обл,Ивановская,Шуя,58528
142660,обл,Московская,Дрезна,11815
606803,обл,Нижегородская,Урень,12311
355000,край,Ставропольский,Ставрополь,398266
423250,Респ,Татарстан,Лениногорск,64145
627010,обл,Тюменская,Ялуторовск,36494
397160,обл,Воронежская,Борисоглебск,65585
397400,обл,Воронежская,Новохоперск,6849
618590,край,Пермский,Красновишерск,17129
601300,обл,Владимирская,Камешково,13113
157000,обл,Костромская,Буй,25763
397600,обл,Воронежская,Калач,20046
140300,обл,Московская,Егорьевск,70133
187780,обл,Ленинградская,Подпорожье,18729
677000,Респ,Саха /Якутия/,Якутск,269486
142900,обл,Московская,Кашира,41880
143900,обл,Московская,Балашиха,215353
392000,обл,Тамбовская,Тамбов,280457
689400,АО,Чукотский,Певек,4161
143401,обл,Московская,Красногорск,116738
679002,Аобл,Еврейская,Биробиджан,75419
397700,обл,Воронежская,Бобров,19738
367000,Респ,Дагестан,Махачкала,577990
163000,обл,Архангельская,Архангельск,348716
141501,обл,Московская,Солнечногорск,52996
140200,обл,Московская,Воскресенск,91301
164900,обл,Архангельская,Новодвинск,40612
676770,обл,Амурская,Райчихинск,20499
457040,обл,Челябинская,Южноуральск,37890
187650,обл,Ленинградская,Бокситогорск,16593
352680,край,Краснодарский,Хадыженск,21580
171660,обл,Тверская,Красный Холм,5608
429060,Чувашия,Чувашская Республика,Ядрин,9614
636615,обл,Томская,Кедровый,2451
601140,обл,Владимирская,Петушки,15167
663081,край,Красноярский,Дивногорск,28271
360000,Респ,Кабардино-Балкарская,Нальчик,240095
186220,Респ,Карелия,Кондопога,32978
606100,обл,Нижегородская,Павлово,60699
171210,обл,Тверская,Лихославль,12259
396650,обл,Воронежская,Россошь,62865
646900,обл,Омская,Калачинск,24000
295000,Респ,Крым,Симферополь,362366
175200,обл,Новгородская,Старая Русса,32235
652990,обл,Кемеровская,Таштагол,23114
301264,обл,Тульская,Липки,8741
665400,обл,Иркутская,Черемхово,52650
403441,обл,Волгоградская,Серафимович,9368
659100,край,Алтайский,Заринск,47035
423520,Респ,Татарстан,Заинск,41798
433500,обл,Ульяновская,Димитровград,122549
462400,обл,Оренбургская,Орск,238006
171980,обл,Тверская,Бежецк,24517
186350,Респ,Карелия,Медвежьегорск,15536
433380,обл,Ульяновская,Сенгилей,6959
301414,обл,Тульская,Чекалин,994
606125,обл,Нижегородская,Горбатов,2278
629300,АО,Ямало-Ненецкий,Новый Уренгой,104144
683000,край,Камчатский,Петропавловск-Камчатский,179526
397350,обл,Воронежская,Поворино,17692
671160,Респ,Бурятия,Гусиноозерск,23280
672000,край,Забайкальский,Чита,323964
684000,край,Камчатский,Елизово,39548
659300,край,Алтайский,Бийск,203826
188800,обл,Ленинградская,Выборг,80013
141190,обл,Московская,Фрязино,55449
309640,обл,Белгородская,Новый Оскол,19530
606520,обл,Нижегородская,Заволжье,40265
249026,обл,Калужская,Ермолино,10409
462240,обл,Оренбургская,Кувандык,26176
442317,обл,Пензенская,Никольск,22471
161300,обл,Вологодская,Тотьма,9784
296100,Респ,Крым,Джанкой,35700
456120,обл,Челябинская,Юрюзань,12568
301600,обл,Тульская,Узловая,55282
162840,обл,Вологодская,Устюжна,9478
188320,обл,Ленинградская,Коммунар,20265
353680,край,Краснодарский,Ейск,87771
678000,Респ,Саха /Якутия/,Покровск,9495
301830,обл,Тульская,Богородицк,31897
309210,обл,Белгородская,Короча,5877
613530,обл,Кировская,Уржум,10213
652560,обл,Кемеровская,Полысаево,27624
303030,обл,Орловская,Мценск,43216
618400,край,Пермский,Березники,156350
186500,Респ,Карелия,Беломорск,11217
629601,АО,Ямало-Ненецкий,Муравленко,33401
673450,край,Забайкальский,Балей,12536
454000,обл,Челябинская,Челябинск,1130273
307100,обл,Курская,Фатеж,5404
140080,обл,Московская,Лыткарино,55147
606440,обл,Нижегородская,Бор,78079
462631,обл,Оренбургская,Гай,38302
684090,край,Камчатский,Вилючинск,22905
612600,обл,Кировская,Котельнич,24979
241000,обл,Брянская,Брянск,415640
393760,обл,Тамбовская,Мичуринск,98758
162600,обл,Вологодская,Череповец,312311
102321,обл,Московская,Домодедово,96123
352430,край,Краснодарский,Курганинск,47974
249270,обл,Калужская,Сухиничи,16295
165300,обл,Архангельская,Котлас,60562
298213,Респ,Крым,Щелкино,11194
652700,обл,Кемеровская,Киселевск,98382
307170,обл,Курская,Железногорск,95057
297600,Респ,Крым,Белогорск,18199
143040,обл,Московская,Голицыно,17447
674670,край,Забайкальский,Краснокаменск,55668
452750,Респ,Башкортостан,Туймазы,66849
606407,обл,Нижегородская,Балахна,51526
423570,Респ,Татарстан,Нижнекамск,234108
172800,обл,Тверская,Андреаполь,8265
668050,Респ,Тыва,Ак-Довурак,13469
655000,Респ,Хакасия,Абакан,165183
142100,обл,Московская,Подольск,187956
429820,Чувашия,Чувашская Республика,Алатырь,38202
397837,обл,Воронежская,Острогожск,33842
393460,обл,Тамбовская,Уварово,26829
386001,Респ,Ингушетия,Магас,2505
298100,Респ,Крым,Феодосия,69786
429900,Чувашия,Чувашская Республика,Цивильск,13478
652470,обл,Кемеровская,Анжеро-Судженск,76669
607650,обл,Нижегородская,Кстово,66641
152850,обл,Ярославская,Пошехонье,6085
601240,обл,Владимирская,Лакинск,15707
171360,обл,Тверская,Старица,8610
366300,Респ,Чеченская,Шали,47715
173000,обл,Новгородская,Великий Новгород,218724
665420,обл,Иркутская,Свирск,13649
187420,обл,Ленинградская,Сясьстрой,13747
297402,Респ,Крым,Евпатория,106840
186150,Респ,Карелия,Пудож,9698
140090,обл,Московская,Дзержинский,47125
442960,обл,Пензенская,Заречный,63579
